__id,user_id,item_id,amount,__time
0,0,111,503.66266,357.4747348621763
1,0,48,5.771642,482.03995884576176
2,0,105,370.3958,681.6198526944681
3,0,116,146.40685,67.43190043973301
4,0,55,603.69025,605.7512105529928
5,0,63,563.6366,409.34295572410593
6,1,21,209.52744,532.358024870042
7,1,101,242.92798,426.9030830299434
8,1,86,409.19113,353.6856312896246
9,1,7,273.52625,509.84347786519834
10,1,113,25.339706,495.3109610989483
11,1,31,81.3268,218.99119487342156
12,1,25,460.01242,266.40679416841874
13,2,3,255.28949,674.0041357289059
14,2,34,259.87253,598.5412474657477
15,2,118,278.08383,593.791423208643
16,2,56,297.8111,629.6326410597508
17,4,10,245.91226,24.697645921741174
18,4,52,339.33548,324.30598743868353
19,4,41,285.88626,181.91157329754958
20,4,86,297.43597,628.2589170606017
21,4,80,118.36313,278.1722169707288
22,4,30,335.43567,498.9906618324964
23,4,40,358.14722,171.32739235501782
24,4,39,25.597225,476.6132121268574
25,4,38,518.94,145.4410788379843
26,5,59,179.64383,76.68269516758741
27,7,100,124.78709,95.1755570007482
28,7,81,261.3426,635.0968670806607
29,7,5,61.636242,54.744817533479704
30,7,95,251.89453,369.3628433846867
31,7,21,380.21082,586.7355650744975
32,7,75,39.762165,437.8402385828393
33,7,98,322.62103,252.1619156793049
34,7,19,242.77336,189.22403743189076
35,8,42,664.8057,158.12030217306082
36,8,49,287.80835,653.8642308725584
37,8,16,468.88995,281.05078467279276
38,9,18,558.48236,576.3856992307284
39,9,51,190.8544,555.8483973728141
40,9,26,62.50405,145.01100434067337
41,11,105,278.5739,455.0481438017564
42,11,77,106.337494,681.7713205795868
43,11,37,58.752117,193.18181952330727
44,11,32,143.03307,83.3076861801747
45,12,95,291.9946,667.3317269691686
46,12,3,460.15744,457.41432937163864
47,12,72,260.62592,534.2692136636011
48,12,36,284.09937,262.76142805529076
49,12,76,258.1098,416.49210999764995
50,12,25,291.56735,235.22856310094588
51,12,73,37.82799,653.9604031207799
52,12,119,76.49732,411.39508373681656
53,13,31,45.939507,185.04190683365462
54,13,51,110.1687,13.875119592349883
55,13,69,291.29395,365.3887345506144
56,14,77,57.43391,429.3045996214024
57,16,65,171.92587,216.54042134519247
58,16,44,122.51847,304.8864874538455
59,16,69,272.6279,491.17040320768
60,16,76,437.90216,637.8413346556487
61,17,43,158.78091,683.8107424510654
62,17,65,84.176735,130.67564103631747
63,18,3,418.04657,452.77630299329786
64,18,54,179.12605,344.4341888257163
65,18,16,523.7978,243.62003832929457
66,18,99,85.07437,690.4938487744768
67,18,6,223.93896,380.26049649640845
68,19,114,108.931404,515.5941666654546
69,20,111,733.0302,641.0445430722098
70,21,105,260.80975,614.4634340942714
71,21,28,331.17288,569.5692232983843
72,21,33,18.480713,676.8671696729953
73,23,81,458.81903,584.2600772265929
74,23,113,57.524525,396.4187654761455
75,23,9,58.6981,19.549725542581164
76,23,73,82.17475,180.5949205794617
77,23,32,124.630394,25.780617321903065
78,24,92,369.18442,268.3105869287157
79,24,66,350.06393,286.62246467508345
80,24,11,245.18571,630.5420177673517
81,24,75,43.934826,465.65074743060933
82,24,62,250.76991,613.3457677545449
83,24,3,500.87576,651.254506609875
84,24,48,6.343485,461.587063425954
85,24,101,168.22336,339.2592257807159
86,25,112,155.78662,238.61997789402213
87,25,32,125.9811,269.2636517592846
88,25,63,468.19617,355.13785076494565
89,25,116,248.01291,5.762857976209235
90,25,58,353.8013,184.0712928110002
91,26,0,122.52521,636.2592735095991
92,27,93,171.25766,678.8215259321937
93,27,92,371.89368,401.67198053257766
94,27,63,452.5111,313.9310249832381
95,27,78,265.50095,471.30461061010755
96,27,7,216.14587,472.31213094571854
97,27,10,465.98538,312.3940983954385
98,27,36,255.9749,295.41498663689134
99,27,31,60.04489,627.8906471795766
100,27,71,6.1378083,608.1438283430043
101,27,28,425.4747,470.37834033188284
102,27,0,69.97262,651.8355088729704
103,27,116,152.99983,40.57921015105714
104,27,114,101.7896,681.7889095541029
105,27,76,343.31067,345.0168288224038
106,27,27,327.03726,664.1988862975161
107,28,55,459.21463,552.4257690288339
108,28,96,313.89783,312.98054842974096
109,28,31,57.556614,42.05009944991578
110,28,82,557.33154,35.19505220337638
111,28,40,398.1703,361.7191222669456
112,28,76,380.36298,681.2471259558716
113,28,93,234.81537,475.99829681395244
114,28,34,245.80219,102.85884086567765
115,28,20,147.15393,443.72924566143234
116,28,46,150.42442,423.4146138205943
117,28,97,176.8147,495.6667209988104
118,28,66,358.98093,362.4862443452761
119,30,52,255.81143,421.5742231713031
120,30,92,363.32263,379.5922455813827
121,30,96,557.9266,281.3683631557133
122,30,118,460.41043,414.9259361615325
123,30,82,545.1674,215.35128895064682
124,30,8,209.50061,615.4711411792322
125,31,68,343.32956,353.57861646941745
126,32,82,594.20624,446.9671232756056
127,32,86,219.82602,204.83582846341375
128,32,33,21.788868,186.61057060134323
129,32,119,123.06737,174.6744440192436
130,33,82,373.37112,18.265892556142305
131,33,74,61.204,434.38929303382736
132,33,76,361.5238,640.8287187507235
133,33,58,178.66675,134.10423723446607
134,33,58,227.09624,437.00817903961206
135,34,23,15.2262535,31.649521266006396
136,34,28,301.9989,474.4354486738123
137,34,4,385.04544,526.6011176205616
138,34,46,221.76137,596.160025030144
139,34,46,150.8135,117.92300206589812
140,34,57,394.27017,23.791522514296837
141,34,77,95.53856,382.95825030256725
142,34,84,100.9203,191.32199474963184
143,34,85,31.559935,146.45808050454855
144,35,57,180.00606,7.35310725164795
145,36,53,322.91776,112.87127755281956
146,36,118,516.18335,551.4609338521057
147,37,109,146.10692,614.0464079152819
148,37,0,157.53564,75.86105937001486
149,38,47,218.11853,152.98396022070992
150,38,28,341.25137,197.41685958433862
151,38,109,114.89508,196.87102621446306
152,41,46,230.36679,586.5053203467323
153,41,59,205.66386,31.503315550670763
154,41,114,60.7347,513.7297138894021
155,42,21,376.01025,183.95385685715883
156,42,26,52.894363,513.7175788523614
157,44,45,241.6368,640.5723192084964
158,44,36,148.46274,15.92759668922561
159,44,11,231.48077,457.7500507494914
160,44,30,414.67798,50.537167959530564
161,44,23,27.561382,664.8643755888442
162,45,15,47.48108,435.6442386695958
163,46,53,252.74405,567.2084105721749
164,46,39,21.443556,36.71123805120979
165,49,71,9.028919,560.3716736952888
166,49,49,284.7859,510.4583330798234
167,49,111,663.61975,582.1190036502167
168,49,33,10.661977,48.780603607558646
169,49,6,335.47388,422.8401852637189
170,49,49,250.87514,109.45808133655599
171,50,37,41.469814,387.5946384464912
172,50,116,200.13165,553.6533739716682
173,50,20,81.978325,611.7143021427887
174,50,10,453.96686,488.03708427966063
175,51,10,512.85187,114.8942925004317
176,51,4,186.88753,345.8790576126063
177,51,74,33.707806,502.2819031415149
178,52,67,203.24805,72.40843272839648
179,52,7,233.77303,161.88710661367423
180,52,109,122.92991,364.1649657420141
181,52,24,112.03954,57.54140859822843
182,52,89,144.73701,409.397066930294
183,53,113,65.615326,81.10320020276829
184,54,13,311.42612,271.61283437662155
185,54,68,251.67467,386.9649552132284
186,54,111,532.304,364.7104283024507
187,54,43,271.50626,501.93396749693744
188,54,17,236.90411,541.4805580318689
189,55,25,500.66214,104.68760995890491
190,57,96,404.70264,252.01327935016127
191,57,72,234.75179,431.66638995350803
192,57,97,455.0892,354.4464898288875
193,57,55,310.90103,222.73416258895097
194,57,29,468.8563,690.7341920331585
195,59,116,210.27954,163.26150252734007
196,59,113,72.98721,461.6085079699572
197,59,83,231.9485,628.2709646172328
198,60,85,21.873484,699.7297128184721
199,60,87,56.074886,274.52405493100594
200,61,50,60.241493,648.5940982879292
201,63,11,118.470276,168.1642726353525
202,63,5,69.575195,296.1724183367356
203,63,73,75.23646,261.11109170087656
204,64,38,479.11407,450.99100630020496
205,65,39,22.495901,596.5066325630894
206,66,90,147.26196,158.79947109112226
207,67,3,381.28467,205.15643958538865
208,67,59,271.89508,232.03081806851046
209,67,78,181.50635,155.27499548782143
210,67,49,448.63876,171.7795381227969
211,67,83,515.37976,659.0134892003467
212,67,80,234.86433,273.36465037070434
213,67,21,399.9644,672.2857708895759
214,67,23,17.24388,345.9592596034726
215,67,102,372.91785,390.88382807442247
216,69,81,402.13028,419.18755790110794
217,69,39,27.59046,572.0428462649405
218,70,32,162.25284,92.72128447273542
219,70,6,278.45676,462.02762298187963
220,70,8,292.31677,544.957500661823
221,70,4,398.94138,5.504232508594997
222,70,85,19.028868,181.49480143447084
223,70,34,223.21057,353.18467305299504
224,70,3,240.56033,178.04069471506057
225,71,81,271.93274,503.3622582482211
226,71,93,284.91913,490.67573220935753
227,72,90,148.18541,464.038236067674
228,72,84,62.37776,347.90921693478595
229,72,11,226.22354,352.24592655877694
230,72,44,279.32227,400.62433017841846
231,73,4,378.51422,384.7040019829493
232,73,35,214.91216,48.03476609475199
233,73,109,90.26904,244.33553260426112
234,73,82,230.84906,362.3907150443684
235,73,101,250.45956,475.6945899070213
236,73,4,374.04352,138.6981042496478
237,73,47,200.44077,261.97628998526756
238,73,30,176.81944,431.3005978487996
239,73,4,213.21155,97.78697154980298
240,73,40,311.67993,270.33645804459684
241,74,1,299.75842,626.0914507384481
242,74,115,143.34587,418.10046564467183
243,74,104,172.17981,472.4210643402942
244,74,65,136.10443,685.3754392798501
245,74,83,488.59216,588.2414204742228
246,74,69,225.69359,649.890544095612
247,75,9,84.30878,654.738171778886
248,75,32,204.09393,554.552583479797
249,75,34,162.27344,456.6694839294676
250,75,10,332.71796,498.86364019362526
251,75,32,114.829895,677.9003691839372
252,75,70,28.61182,486.4178550253004
253,75,66,321.14798,16.208735466112678
254,75,72,308.5454,376.74167902527864
255,75,68,340.39502,314.95507285716064
256,75,69,211.44653,607.2892601868341
257,75,11,327.38574,153.7769849264805
258,75,13,367.99112,211.49097857584053
259,75,90,190.26733,180.0360989653198
260,75,16,459.60687,353.8169904943156
261,75,102,162.05191,444.1039460911167
262,75,65,238.8108,655.2699333399095
263,75,100,154.56332,104.26173352794788
264,75,32,186.72568,489.2920394071991
265,76,116,288.0195,246.81451035126423
266,76,24,71.09652,538.0675256073635
267,76,49,313.69156,540.2171813644987
268,76,49,320.70844,344.6640702635746
269,76,103,89.89095,553.0196904726843
270,78,14,179.0226,627.1563471783197
271,78,77,127.96842,34.3257834575057
272,78,46,196.2617,19.431098261141866
273,79,26,76.127266,330.73212291825695
274,79,92,236.49306,552.2673216111514
275,79,7,269.03198,602.5582238813487
276,80,31,66.83113,234.6699351305368
277,81,9,71.76347,81.68054671587144
278,81,25,355.6231,438.17097672803
279,81,29,556.55676,238.14681714953178
280,81,14,369.73495,330.58677069524344
281,84,41,294.93716,682.5681447098868
282,84,6,237.25917,415.7916554992378
283,84,53,420.96378,509.1545184409296
284,84,56,272.1128,159.54277452804223
285,85,62,231.6282,680.305310316452
286,87,29,308.90158,148.18794792550128
287,87,67,157.3821,96.94561831504922
288,88,91,16.499401,677.9088738503203
289,88,73,36.95824,514.0389610213583
290,88,93,218.58319,125.73245239318997
291,90,1,448.6431,659.2123197975866
292,90,58,341.35065,477.67924149137707
293,90,60,15.636214,680.6055461125384
294,90,30,403.32205,696.113975451629
295,90,61,204.44127,590.971389920386
296,90,30,409.26724,661.7544843568437
297,90,76,441.80423,147.28665693541942
298,90,6,249.98389,535.2235056185799
299,90,58,136.69395,402.64486710608384
300,90,55,411.69345,412.3948462438729
301,90,4,446.3438,122.37885640475854
302,91,57,300.6169,380.5417701392697
303,91,74,29.579706,94.38318428012992
304,91,5,131.76714,342.7024638029488
305,92,39,13.241538,316.15509402589817
306,93,68,316.02,565.3851584701029
307,93,82,343.75732,303.69739880983457
308,93,1,308.53268,279.46456989038506
309,93,99,100.189445,200.46223967663312
310,93,75,16.378494,409.54794897380367
311,93,95,303.15244,385.97858255913906
312,95,68,152.80122,599.1043485201466
313,95,70,64.83764,483.70496255508044
314,96,69,250.1827,375.55381320052913
315,96,20,137.9967,447.07474965920954
316,96,10,362.13998,456.83893548857554
317,96,70,74.853775,75.50739910704097
318,96,99,94.473564,19.311902720911878
319,96,71,6.878831,241.08780198184255
320,96,21,404.70697,427.64523837205525
321,97,60,11.903567,339.69529856992955
322,97,116,138.29564,556.9810994307369
323,97,89,83.87512,318.2491396765008
324,97,98,351.1692,222.81051145743547
325,97,10,431.707,198.69361154920574
326,100,93,249.14238,37.077277297777655
327,100,20,115.296234,110.14117823112724
328,100,16,473.17108,391.6641513016088
329,101,59,229.94904,16.90653216956872
330,102,18,422.81488,481.37680664353735
331,102,48,3.8656538,69.85404499026582
332,102,107,349.81314,297.07807750089165
333,102,99,82.872154,0.11495255859994558
334,102,22,171.84215,403.61201791702814
335,102,54,188.22606,33.85865335790683
336,102,25,313.64108,485.8412057303985
337,102,118,392.42108,128.1029763903958
338,103,107,444.71405,285.33094188861674
339,103,114,79.51613,606.0544490791056
340,103,61,194.57683,455.8173528157345
341,103,51,181.29913,559.3415011713199
342,103,5,85.09649,423.72520014633363
343,107,65,119.95586,389.5686492253661
344,108,65,214.08968,357.26141316515105
345,108,60,10.473378,88.53688592888443
346,108,39,20.445564,673.2335276861428
347,108,5,97.33599,49.89919988104097
348,108,2,438.9321,270.4086965056849
349,108,111,421.65887,497.6926707200324
350,108,32,180.68332,676.5198602015421
351,109,74,66.281136,255.88123367742855
352,109,76,314.84,174.7740630445307
353,109,2,347.45303,631.7182256793179
354,109,32,92.18444,169.06607677760266
355,109,20,92.22412,649.877294888207
356,109,114,103.812805,538.9474409545321
357,113,91,12.718294,177.46683674574103
358,113,58,351.259,594.9500608473228
359,113,111,348.02924,88.64581180812792
360,115,73,97.53414,371.6671709071571
361,115,91,23.720303,458.2563073288577
362,116,36,285.33508,337.4363117042087
363,117,73,37.42806,549.5484577311505
364,117,110,66.95467,408.75908430845186
365,117,83,228.18852,238.1274757868348
366,117,76,241.51144,489.24839549002064
367,117,72,328.31653,54.60719006926418
368,117,38,240.60736,534.4153048225975
369,117,57,163.02382,159.0951078150824
370,117,7,348.00644,621.210307492436
371,118,52,250.73495,504.1508588652417
372,118,56,342.66144,652.8597191760222
373,118,32,224.03493,393.8664927256299
374,118,37,46.077663,562.6495000617284
375,118,47,245.74973,492.06010983517956
376,119,46,205.43411,330.61089510507946
377,120,54,412.8878,207.2062826551684
378,120,109,91.7683,58.242677329452434
379,120,89,77.36313,470.4839387675874
380,120,40,556.804,173.74187105702953
381,120,24,67.99887,364.27938085691335
382,121,14,270.65387,692.4391280191956
383,123,41,412.4506,304.19632193241796
384,123,40,498.7637,182.34324482106933
385,123,44,292.24152,611.8390227557651
386,123,113,30.019314,590.8518088231247
387,123,88,405.7332,640.0673780306237
388,123,107,454.81665,320.17237484671267
389,124,115,123.082375,181.82490953545937
390,125,86,175.25053,89.52209153042978
391,125,61,160.26857,427.74976976113123
392,125,45,126.362816,623.8172872495078
393,125,119,103.02083,348.63347693417813
394,125,16,290.68588,508.33723380904104
395,125,103,58.976383,351.20227886408605
396,126,100,119.95114,317.10537956444983
397,126,94,58.699642,548.9855552083956
398,126,110,112.97022,505.52992451336155
399,126,117,300.09943,477.29028198661297
400,126,100,217.11722,612.7229804360344
401,126,0,157.71312,679.5869233481384
402,126,68,388.45667,112.53219954202787
403,126,81,232.81691,124.4261195810732
404,126,51,231.16017,238.5448128899399
405,126,22,146.3482,507.68612474337795
406,126,37,29.215046,340.58822859954006
407,126,54,397.95975,245.6711102774036
408,126,31,48.985466,61.799380461435405
409,126,64,229.58482,268.147286179014
410,130,38,410.31848,14.254498118855041
411,130,117,144.39897,619.9300917171182
412,130,77,130.0713,112.84845923729048
413,131,56,413.624,354.5948971874895
414,131,11,159.32239,125.55914573324279
415,131,0,124.93459,396.97729754389945
416,131,10,218.72566,320.58700262541697
417,131,57,192.30385,283.6589060615118
418,131,42,423.53268,433.5828615852406
419,132,95,144.07698,570.7487192573682
420,132,104,92.94771,76.98391341342293
421,132,36,249.60979,692.2600892543273
422,132,36,294.97784,635.4689200806097
423,132,57,210.95364,606.4304452892211
424,132,83,372.37732,496.82352858685164
425,133,47,136.66699,667.7149470325086
426,134,108,98.57223,402.193865041498
427,134,107,427.02325,65.26922809281221
428,134,76,280.8875,487.69137685162667
429,134,96,262.05963,376.85381019465126
430,134,112,188.71442,614.7053221022201
431,134,54,460.90472,252.05078794078185
432,135,110,134.62703,183.412107874394
433,135,110,95.947624,293.8693318073793
434,135,73,86.76663,371.32514991720257
435,137,109,136.86635,520.0001526972018
436,137,67,185.36055,526.1787106876525
437,137,42,322.8556,483.52982913773724
438,137,60,17.08106,452.6068825050331
439,138,41,435.14627,269.87244681770386
440,138,52,395.26218,195.8705514732868
441,138,116,185.82034,109.96162386629105
442,138,107,459.55365,353.9969967128511
443,138,82,623.3849,70.28055392592303
444,138,100,117.8394,488.7956367290267
445,140,74,28.38423,82.7382011768436
446,140,101,99.2215,425.5822406814085
447,140,1,479.17188,480.0687278071945
448,140,102,254.45346,485.52057480813505
449,140,115,74.121315,265.13821869893616
450,140,119,101.39609,528.2401617422994
451,140,102,215.3501,8.05775788309493
452,140,95,263.54562,184.739925664122
453,140,115,133.04674,113.60417602116901
454,140,27,509.23862,567.5662766384786
455,140,111,492.6856,619.7558823243392
456,140,100,94.262856,489.6490980937633
457,142,30,356.51102,404.99190504172054
458,142,49,346.79443,229.35474140690704
459,142,72,220.90768,40.89206710039228
460,142,45,182.7295,498.2929706521042
461,143,70,31.067726,213.09241577577208
462,143,57,408.27814,498.11338029418505
463,143,113,69.10944,482.75470813716834
464,143,78,437.6315,272.9600900982918
465,143,58,372.94797,140.33180066359498
466,143,12,349.2467,655.8024365298887
467,145,36,289.36465,221.33643328568843
468,145,43,201.61533,533.4312745827154
469,145,80,128.46396,86.33508566874437
470,145,31,60.34524,218.95800329372926
471,146,72,219.95874,475.5630472160157
472,146,19,412.23547,44.78205165224103
473,146,80,204.38097,642.1637409339087
474,146,82,407.78317,624.4421188554048
475,146,97,193.16518,400.88683139925973
476,146,82,442.25568,284.6800091237582
477,146,59,275.80847,618.3412334184724
478,146,50,61.2332,148.2451495902639
479,147,63,227.19972,621.1101872342049
480,147,55,446.3351,43.611565614128935
481,148,23,11.029733,464.1266043169252
482,148,9,65.40833,594.2366509837432
483,148,18,238.84189,404.88458747888114
484,150,46,177.15953,659.8308416658654
485,150,113,58.880814,382.5143627776619
486,150,66,408.6486,571.5329037200381
487,150,46,335.3401,594.7061668396767
488,151,97,393.6736,615.9442093465506
489,151,31,72.49307,596.8017885239714
490,151,31,58.845016,265.83732620109026
491,151,119,106.038345,456.72848729958514
492,151,76,306.88312,623.2399592958076
493,151,77,134.3424,389.03077696658573
494,151,24,92.344086,402.63373181997156
495,151,44,192.05106,486.07926688971384
496,151,53,332.1499,492.54017280330675
497,151,22,169.76357,523.4054196903062
498,151,4,403.24664,55.675516038823815
499,153,63,297.62955,290.21330112062293
500,153,75,25.361736,447.6714515063018
501,153,18,358.2025,210.46890643931303
502,153,77,145.7902,108.03838414654732
503,153,100,144.80219,478.96986871232826
504,153,71,6.811015,334.9168406849485
505,153,0,139.72607,208.59261106858185
506,153,40,261.51517,448.891811341928
507,155,44,194.30318,25.144199016018163
508,155,23,13.368687,486.81033194225876
509,156,17,112.263275,451.965370547752
510,157,96,373.01648,9.201746858814586
511,157,2,445.98004,421.3010544723934
512,159,109,147.29625,76.02857449177924
513,159,25,504.09637,17.246152896953415
514,160,90,208.52997,383.53032474557904
515,161,51,189.16084,500.52171073579046
516,161,12,417.42108,176.7366289239851
517,161,61,216.35693,159.98122398495406
518,161,88,240.28651,71.42626317392886
519,161,20,66.6159,221.91918276211388
520,162,83,546.82446,322.9409077099217
521,162,65,140.34573,485.0721002613154
522,162,1,498.1218,223.07497810825728
523,162,97,314.53812,46.952295693337916
524,162,38,499.97076,421.1611749318906
525,162,11,331.0501,330.1228726432961
526,163,17,238.04506,637.4441070848993
527,164,115,147.79034,376.4957498668708
528,164,103,109.826546,222.6462705557415
529,164,25,345.0416,263.5723476017473
530,165,24,108.578125,424.67140097322
531,165,34,265.98636,277.54624407052495
532,165,28,358.64264,634.5255331166131
533,165,38,286.43802,305.341853029204
534,165,105,252.2423,320.5531166034152
535,166,21,453.15695,375.1737893174172
536,166,12,322.92862,615.9755693139974
537,166,51,100.055466,399.4550370741412
538,168,112,312.21912,377.3500536973853
539,168,85,30.652317,104.04695092628336
540,168,34,198.71402,536.88486619935
541,168,89,62.299072,622.3011793259152
542,168,48,4.108716,593.0021982044873
543,169,111,498.77155,629.1705140394046
544,169,20,106.361916,16.176464426233217
545,169,93,146.34332,296.55148321932546
546,170,9,57.070026,237.54212846604506
547,170,4,425.28305,682.2013395763396
548,170,28,174.23056,265.0608948393205
549,171,57,354.86655,296.08997197194765
550,172,20,79.19079,21.473094317325582
551,172,16,528.3398,542.4898848524526
552,173,13,503.89838,457.7524841880198
553,173,15,24.848558,497.95494439706124
554,173,114,69.68526,66.59739012405885
555,173,86,387.4646,420.8905544806014
556,173,100,218.28499,67.27980812359591
557,173,55,303.9569,343.220556937156
558,174,35,211.40671,385.94388707098705
559,174,62,184.75468,161.37195913114954
560,174,100,122.0001,71.83504827144982
561,174,44,109.24957,300.7477495647
562,174,108,175.92651,409.06843015397885
563,174,65,212.78691,78.27278635674872
564,174,102,213.47481,616.0660175993047
565,175,76,468.3407,222.35512542497116
566,175,101,139.58008,159.06584342207643
567,175,10,491.68652,179.2152266679097
568,175,113,61.403496,277.5282165362154
569,175,44,259.50662,633.7476377618844
570,175,45,121.44388,666.9839603678
571,175,72,353.65585,110.84180047833337
572,176,37,66.64823,526.13914244493
573,178,38,221.3046,234.35412238215946
574,179,33,20.649355,147.36356443193066
575,180,46,351.3679,370.84984177798174
576,180,13,261.879,606.9722763871199
577,180,25,431.07758,412.7536031370889
578,180,75,24.527533,104.568385458494
579,180,0,130.8819,164.56244604576443
580,180,55,506.34308,133.5483556450059
581,181,70,54.45123,146.9325564836226
582,182,4,438.66965,606.3571735105422
583,182,25,401.97357,468.2307290279899
584,182,13,546.1882,527.6250065418258
585,182,92,265.34512,250.9671604097874
586,182,85,27.540236,102.79835236133871
587,182,102,234.7662,46.80782853162913
588,183,73,86.77718,63.384325256445436
589,183,74,43.704266,463.7265594277622
590,183,20,74.13901,632.97116667635
591,183,38,235.50925,350.63166562859396
592,184,17,114.80871,442.29364714160147
593,184,20,132.78055,396.7445975658737
594,184,78,209.00682,334.3045772588684
595,184,54,344.738,661.9357478803757
596,184,17,213.42677,497.218864653624
597,186,96,600.23883,401.34393400598276
598,186,70,39.41232,529.9230554494909
599,186,19,205.57434,357.3506889811442
600,186,26,64.517296,438.8218361708138
601,189,49,399.87973,584.7763125861995
602,189,36,134.121,422.10606133260484
603,189,79,205.17174,203.47799309162284
604,189,84,47.557808,364.7875697791818
605,189,18,528.0099,236.42855652769867
606,189,85,23.415869,680.5633419195434
607,189,94,71.14655,14.70426140987624
608,189,52,244.80981,132.48687699634542
609,190,111,472.9416,628.7081970752153
610,190,74,28.73743,2.5225898883178832
611,190,3,367.73456,21.004041276380782
612,190,75,17.143879,339.63184200885775
613,190,53,350.3597,503.335801276398
614,190,13,579.3758,69.50201603236472
615,190,64,179.84128,649.5820142749474
616,191,95,269.8863,372.92207407724055
617,191,60,30.6842,51.88917554689465
618,191,92,417.48972,38.51007822005914
619,191,29,241.78072,397.121443472362
620,192,78,194.00926,57.74123591352986
621,192,103,71.919655,268.0776476700066
622,192,73,72.14709,319.5454375140001
623,192,64,262.02695,444.09312452210736
624,192,107,479.77365,662.1870855465411
625,193,106,39.787178,675.3219417940868
626,195,69,173.9128,631.3691398788961
627,195,6,298.85535,498.4377137227203
628,195,108,130.13289,73.3499164102518
629,195,27,548.2712,277.3181947056551
630,196,79,259.95264,663.2949800991115
631,196,118,280.00876,40.35838878554121
632,196,93,177.42096,228.43037493586894
633,196,59,237.21812,410.271499504854
634,196,5,65.95836,471.96482422230645
635,198,44,242.09892,546.7912138648987
636,198,40,372.8174,237.92255371024828
637,198,108,91.42729,221.55357170742042
638,198,81,259.08664,489.5309981292797
639,198,21,397.53802,662.6699672315501
640,198,53,229.16142,542.9681212149758
641,198,59,214.31941,43.21300836294206
642,198,55,399.01477,281.47516293230757
643,199,65,163.59396,365.1663299383965
644,199,56,183.45898,523.0194989734847
645,199,24,108.06798,388.8890023245215
646,199,47,118.69765,84.06613229666537
647,199,7,140.42654,531.267454773618
648,199,104,123.205605,428.7027850940621
649,199,103,84.37945,523.6479606641922
650,201,88,216.24419,185.47684873996096
651,201,46,168.42403,597.0001752126961
652,202,52,389.44034,664.146583821241
653,202,19,350.48303,97.55025692936626
654,202,82,388.8922,471.4735312161544
655,202,103,63.056915,412.1602281216139
656,204,86,267.70035,295.49809315540364
657,204,3,471.36862,574.4258461974346
658,204,5,138.95262,531.4767136831009
659,204,10,412.47464,61.09137267514298
660,204,99,80.05045,601.9592057311187
661,204,66,316.78006,122.34655000324213
662,204,20,82.61942,117.8983958495774
663,204,70,42.67235,329.24374858374915
664,204,104,177.36221,687.7185727115423
665,206,18,452.11276,83.19159708751033
666,206,61,176.29247,662.2179345952577
667,206,107,408.14014,292.1904335041905
668,206,78,309.73532,205.5910030355883
669,207,98,667.12933,214.66093273648124
670,208,30,263.959,70.04529641781065
671,208,82,588.23157,549.265509877044
672,208,75,44.261578,394.9265751197779
673,208,6,187.72165,212.26721125926517
674,208,117,351.4832,176.5984543856236
675,208,87,113.877754,254.69016268594459
676,209,111,618.42944,328.2731514613433
677,210,114,64.513794,267.11078520435217
678,210,85,11.489247,555.0401870118549
679,210,75,33.22954,652.6784393970923
680,210,36,230.40895,32.57182703314632
681,211,71,3.8309968,135.2075468690368
682,212,20,117.14085,248.83957594973504
683,213,9,57.22663,683.8308043410906
684,213,63,407.81827,401.7382799160263
685,213,76,177.07063,619.8067639161688
686,213,5,98.18301,549.7808098146346
687,213,103,102.85646,690.5119439479607
688,213,53,344.3864,498.58078634303627
689,213,100,212.33437,174.8891286967318
690,213,63,281.63803,539.3919985570648
691,213,41,380.56815,357.6299893719832
692,213,19,307.41315,125.1819247968513
693,213,118,277.63333,569.3183525320813
694,215,84,61.702835,656.41741022843
695,215,76,202.19247,286.4087272195315
696,218,77,81.60535,421.3755361738167
697,218,56,313.55765,260.9860381149662
698,218,6,239.45859,61.271704486452364
699,220,14,253.79646,433.11586235671905
700,221,80,102.1268,163.53059243301084
701,221,27,292.95285,164.56160345950076
702,221,35,75.21006,616.2292276394805
703,221,19,347.89038,302.03466015969303
704,221,44,137.73466,220.63269499069582
705,222,47,181.45897,631.7036279461219
706,223,116,136.65063,323.137478462868
707,223,39,11.2807255,190.30047764903156
708,223,93,269.56366,166.20540140457484
709,224,73,82.38365,354.1396279859681
710,225,10,286.75278,584.3574735093524
711,225,92,228.3831,110.22861331759381
712,226,13,280.41888,164.26608388944254
713,229,61,120.32942,395.31434129294297
714,229,114,86.209946,422.98771893285124
715,229,12,509.75006,464.68934659766006
716,229,110,98.46411,96.23666493934292
717,229,28,225.1434,564.1700049089828
718,229,21,549.7768,200.23371968317738
719,231,9,38.830166,507.4941584167787
720,231,25,523.5463,113.83184088762177
721,231,20,53.435543,392.5772202699787
722,231,92,389.97858,355.50978781146705
723,231,3,459.1034,50.03782442404958
724,231,46,391.18732,465.94993101212714
725,231,90,103.58453,489.77118248350536
726,232,40,491.98578,262.07086244506297
727,232,100,155.45268,166.57544119933766
728,232,79,280.99353,493.42265316076106
729,232,107,352.15588,478.2131315206015
730,233,99,95.37323,469.1272701764393
731,233,40,530.4564,83.51709500008897
732,233,34,277.87964,687.1193338503576
733,233,70,76.79605,167.11331893150106
734,233,86,388.54935,145.82317583364613
735,233,83,605.4392,374.7559907018079
736,233,54,286.92947,147.8624612045678
737,234,103,71.89211,259.13081388077796
738,234,59,136.79198,53.20724743775318
739,234,32,97.89442,379.08599323526346
740,234,16,335.0828,252.20572771208927
741,234,42,313.59125,247.43306096645478
742,234,40,288.11722,308.98887772565286
743,235,61,189.28935,416.93206230712707
744,235,7,203.94417,568.6036094795581
745,235,94,136.57668,376.45019502153286
746,235,40,529.2828,80.08036691085407
747,237,19,325.53934,132.46898678866415
748,237,46,387.63766,335.97439377489115
749,238,24,130.65239,142.4506771437004
750,238,17,129.76279,463.48760385988896
751,240,115,110.51242,643.903794067425
752,240,85,24.02601,192.93426831201566
753,240,52,615.0889,633.8671691430329
754,240,60,20.699697,626.5948001835789
755,240,68,348.7453,222.93354553923228
756,240,3,291.44406,645.3659473993048
757,240,18,358.93698,417.22299928169826
758,241,89,84.775894,2.312070906188124
759,242,27,521.5154,265.87721051423796
760,242,99,62.74708,506.9972454584886
761,242,98,610.4794,224.19467410626393
762,242,64,141.13626,386.83557229000877
763,242,95,275.37878,545.9473914788971
764,242,55,304.72495,223.71739988696882
765,242,49,441.332,568.8717971223838
766,243,85,20.42955,490.42483941165904
767,243,78,226.78412,585.4440139997379
768,245,55,384.90067,360.76883878079144
769,245,106,44.837063,494.10101631121404
770,245,15,34.16482,133.8111596097833
771,245,30,400.87903,667.494502564919
772,245,51,139.00021,172.8009390494596
773,245,67,203.51398,496.4492591406005
774,245,93,221.15787,566.1380878464684
775,245,25,320.58945,467.2946967231315
776,245,110,65.737274,444.3912789753497
777,245,16,451.69882,34.357482926609784
778,245,82,404.44278,324.7012483761853
779,245,42,373.97714,55.77389777717978
780,246,78,181.7714,604.3286898037701
781,246,32,114.18992,255.19707454788
782,249,108,142.97699,531.4186914230057
783,249,111,286.95663,189.2643044602673
784,249,113,54.329227,353.26868886066507
785,250,7,321.40277,299.5274303037032
786,250,63,441.72226,337.087686115924
787,253,95,279.5331,197.282201245782
788,254,39,26.511057,475.8726934711821
789,255,29,222.30217,89.79064918198199
790,255,69,260.84842,277.3378086989007
791,255,72,347.9023,312.61274874910174
792,255,66,230.27881,267.12704468956616
793,255,115,153.81374,270.94935950202535
794,255,102,374.25644,601.9387911197423
795,255,29,568.49603,193.6098570862581
796,255,12,447.0947,68.09380489411643
797,256,6,121.12037,377.749759080809
798,256,16,395.84152,240.7763030894494
799,256,102,208.0829,419.0619739211157
800,256,87,61.700375,609.6926807553454
801,256,20,96.59032,545.9213328453884
802,256,31,77.45354,89.18776648930927
803,256,80,282.97293,54.99965307474475
804,256,46,406.89365,427.01327744773556
805,257,46,204.65433,274.76858472450914
806,257,35,210.12273,453.1125696272285
807,257,58,192.30571,506.19550035809135
808,257,117,259.52057,620.8876226022124
809,258,5,137.73013,101.33544075047341
810,258,113,50.21929,576.2010254991343
811,259,20,142.83058,289.64601580202265
812,259,96,295.94107,438.4349832773173
813,261,106,39.398678,653.3244019799193
814,261,71,4.109681,10.417548690834444
815,261,117,366.48785,103.2247781404545
816,261,67,146.15895,474.6874796518834
817,261,77,166.2407,440.2237972999934
818,261,17,229.6085,641.5694646101977
819,264,40,355.03986,556.0214557262102
820,264,41,360.52515,283.05538550325696
821,264,3,413.97055,318.7403338680126
822,264,37,57.02528,251.8853118420954
823,264,108,146.08914,112.66761871910957
824,265,79,257.47498,383.21136240161445
825,267,78,199.23701,167.17205312929994
826,268,88,389.49637,556.2632852998707
827,268,46,306.6297,557.2024204681408
828,269,20,138.42754,474.53971108078787
829,269,50,74.3321,287.609931441694
830,269,8,188.14317,300.8641731511548
831,271,28,325.99573,81.20351787166547
832,271,55,635.52203,522.2388923723886
833,276,82,406.3428,87.62712403575068
834,277,118,308.8532,142.4717862649585
835,279,71,4.7361727,594.3391315000044
836,279,30,354.41458,567.6122377005752
837,279,28,299.19058,405.49810958355306
838,279,77,92.54585,683.7122537309024
839,280,104,146.76187,286.78615799382777
840,281,98,559.75775,405.1384106675142
841,282,29,452.00806,243.1456535989056
842,282,74,36.04606,692.5754133337621
843,282,4,336.3192,191.3447303882396
844,282,71,7.7927246,67.4839701540606
845,282,118,228.50575,12.9689456629134
846,285,21,537.9936,108.25747727241408
847,285,49,317.2704,388.6948106738772
848,285,75,26.9479,439.4071945629443
849,285,36,188.35912,53.33753082268067
850,285,117,171.50702,135.639459086911
851,285,66,250.85017,395.57711217587445
852,286,70,51.55036,274.5470315799676
853,286,62,212.91078,668.2467623368726
854,287,39,25.441504,610.9581975301041
855,287,44,254.38013,602.0533578870798
856,287,59,176.86143,297.1539232978979
857,287,50,120.72797,43.96182472579868
858,288,27,245.28497,196.63958421270155
859,288,33,16.054205,531.9479835335699
860,288,44,281.18686,165.66929539954023
861,289,112,259.6104,467.0327266162857
862,289,33,9.947478,646.2886467876667
863,289,104,148.06555,219.86455439304308
864,290,83,491.19504,567.7461189217235
865,290,104,73.62487,178.11390921841542
866,290,15,29.138004,53.24999200247271
867,292,47,189.20079,253.32734306994408
868,292,80,182.28017,360.927383973858
869,292,92,410.09805,481.0100034941169
870,294,38,198.53128,139.69562684123238
871,294,33,15.313644,417.7355241566396
872,294,72,161.21284,343.32889863313244
873,294,66,472.11707,653.1480456110512
874,294,67,192.45862,404.7808577347978
875,294,49,216.8499,108.75634334854655
876,294,69,292.12772,519.9465281583911
877,294,44,169.21318,59.24805164698266
878,295,51,176.08159,137.8498224200213
879,295,29,534.0927,375.3859826526138
880,295,4,309.9736,347.19537823256763
881,295,24,51.269886,529.2605321386459
882,295,8,281.4742,102.88835870409541
883,297,114,83.04613,354.5476107865155
884,297,60,25.185793,473.75826340259033
885,297,19,455.49585,178.05020715184062
886,298,113,62.775547,415.72291975042685
887,298,59,259.09573,635.9928212444596
888,298,39,26.287956,18.118168210307317
889,298,43,132.9918,530.0165000352073
890,298,33,10.540238,406.87240817998503
891,301,74,40.741325,527.2043370828235
892,301,93,142.01459,353.17768102183857
893,303,10,265.12918,140.96191541246372
894,305,11,118.021484,130.5968725798199
895,305,62,136.39589,569.6280808424563
896,306,39,13.057683,504.9035185181454
897,306,78,233.78247,302.34500689076896
898,307,2,233.89987,461.7675324764292
899,308,77,109.55701,605.5623373733679
900,308,20,67.53104,613.0435486804673
901,308,37,65.8859,184.60887432947248
902,308,59,277.9195,636.1440849827646
903,308,46,367.64548,203.36651841581244
904,308,84,84.502106,118.05026851919797
905,308,50,134.32053,390.58647649193404
906,310,25,451.1142,39.80340425749995
907,310,17,228.73097,560.6466723330005
908,310,79,124.17376,94.61612729657998
909,310,52,372.14377,383.3511389500934
910,310,9,86.45718,50.73416038965761
911,310,19,439.9579,354.13570574917765
912,310,27,532.4812,343.3115295645399
913,310,79,177.30246,153.81994100048834
914,310,82,274.23734,636.6995807924166
915,310,25,295.36075,336.3273602689738
916,310,51,231.38847,343.4684762126061
917,311,61,107.45854,43.41353984708584
918,311,45,226.80753,546.406089953406
919,311,27,480.35947,340.6843054111952
920,311,34,330.54706,185.31182762217813
921,312,28,353.3687,88.4624995309946
922,312,91,20.897583,281.6955240346661
923,312,102,204.23923,310.66577240757675
924,312,24,131.80225,276.7520681667586
925,312,88,345.29575,690.9554549237189
926,313,35,73.86346,57.29816109235597
927,313,2,363.59186,439.1926925848544
928,313,22,171.93602,149.0861710485205
929,313,5,77.05193,369.84144275945073
930,313,56,369.9284,162.26581765827785
931,313,7,347.50095,613.2225782816072
932,313,116,246.88812,680.041545049729
933,314,1,259.66013,400.89822739854463
934,314,42,461.77655,128.48871958689222
935,314,108,175.2497,633.5200030007513
936,314,108,134.97977,480.69193642491314
937,315,26,50.318256,222.43850999832327
938,315,37,52.097763,184.20227951740208
939,316,23,20.534702,266.34566382242286
940,316,15,31.40454,300.15900429183426
941,316,118,433.3591,499.6057305691417
942,316,86,395.54117,102.75653614557712
943,319,104,145.7151,522.8309438096754
944,322,100,184.52028,176.10738014758542
945,322,0,168.84718,425.2486858573219
946,322,90,99.63547,437.6704528077096
947,322,70,39.19306,175.97658722747656
948,323,5,106.61142,198.8943702373731
949,324,116,110.869194,428.8285497960882
950,324,44,287.4336,213.395124465253
951,324,15,40.586266,230.06854201894922
952,324,41,520.21686,48.58024542661998
953,324,60,26.625708,52.90491112523288
954,324,73,45.861103,625.3401885779468
955,324,108,130.6556,646.3109758214975
956,324,47,178.97353,26.340286890768503
957,324,49,448.12305,673.661433426616
958,324,68,270.3645,7.893024906772794
959,324,5,50.12303,677.9820401084495
960,324,12,391.77136,655.2485615238517
961,324,17,231.13252,429.54323879939136
962,324,115,73.18318,331.14171255262323
963,324,27,632.7816,492.52403385137325
964,328,12,442.3334,369.7742263614467
965,328,27,617.25653,551.806679058124
966,328,116,160.41965,129.97078362016535
967,328,97,224.36827,159.66036553307794
968,328,32,102.91657,216.86572107604428
969,329,42,366.65955,643.6807830463887
970,329,60,11.656683,10.061293162979101
971,329,98,589.64703,52.8970507389388
972,329,101,107.860855,654.4783118625834
973,329,22,88.43479,271.6082198185503
974,331,33,12.12092,564.1387178834434
975,331,110,148.99854,463.6579787824522
976,331,1,393.84204,335.90757265614866
977,331,34,288.78915,612.6581608562686
978,331,8,274.36407,517.9645053697822
979,331,69,132.41714,622.8551891203729
980,331,25,294.79,34.11573414675351
981,331,71,5.579404,636.8523916047985
982,333,85,16.334345,448.17422545922045
983,333,35,174.46332,377.6407350961457
984,333,74,37.48556,541.9668450714983
985,333,1,238.46156,481.6528447323687
986,334,23,31.272573,570.9382173685549
987,336,67,144.6836,99.01038108246851
988,338,25,505.15033,678.91186385501
989,339,62,103.740814,632.6225993501575
990,339,118,457.60223,609.6038126550771
991,339,46,411.81375,295.2071291811087
992,339,74,39.210976,587.8981278651682
993,339,26,46.149944,336.1513056577978
994,339,109,178.4221,478.47057866816
995,339,15,35.801353,6.853543289649711
996,341,83,299.09482,346.3499742294787
997,341,117,231.62186,347.23204651746585
998,341,11,265.29312,41.481385526836775
999,344,41,497.69272,536.4276925363545
1000,344,39,27.214289,28.41639362392545
1001,347,79,98.6858,635.0606679974709
1002,347,85,14.495906,533.9489012783966
1003,347,61,182.14842,557.2838642741214
1004,347,87,48.948483,497.3083179690605
1005,348,15,32.02284,474.39977597151795
1006,348,106,33.267124,549.3583659824064
1007,348,17,109.89308,101.14181049155223
1008,348,115,161.63718,78.73908935186735
1009,348,50,74.86186,88.82596135834353
1010,348,34,174.50186,160.83774082641943
1011,348,19,418.2062,278.0066767556564
1012,349,95,266.88953,568.5475943136722
1013,349,94,63.724834,346.86858390702866
1014,349,77,84.68508,635.8134075285544
1015,351,16,365.16473,255.64273259434444
1016,351,12,336.78983,304.7743986323268
1017,351,103,87.38326,144.97220414155998
1018,351,97,374.2654,504.2512629799303
1019,351,90,102.593796,440.9831299272711
1020,351,24,60.275486,260.9935019567018
1021,351,3,257.8604,359.25914368171476
1022,352,99,86.00436,171.89700891840397
1023,352,97,207.40036,376.8096951676141
1024,352,58,145.53317,85.88386798442204
1025,352,46,301.03455,260.29973061245016
1026,352,20,100.096466,325.748286665924
1027,353,48,7.450052,164.94007087359597
1028,353,53,244.45541,320.68509988844454
1029,353,55,496.8793,253.459230293845
1030,353,87,72.81638,517.8826586340408
1031,353,93,252.61116,401.2245633098981
1032,353,25,378.37305,174.02345096695205
1033,357,110,54.018948,387.6104438973469
1034,357,77,94.72015,639.9115688751153
1035,357,71,3.8589468,18.19080796947481
1036,357,37,42.790764,440.24823104238186
1037,357,86,252.77289,482.26437782145746
1038,357,109,178.94958,503.72020130029284
1039,357,87,56.157898,195.19779414655991
1040,357,59,187.22885,465.0978005332005
1041,357,81,277.5323,291.3301053578659
1042,357,70,38.437935,138.77334689453247
1043,358,92,194.82738,256.3055367237985
1044,359,28,423.49622,411.764344388581
1045,360,84,67.66398,645.7173878134579
1046,360,118,476.59915,317.1404078844011
1047,360,37,59.719116,145.77694102736393
1048,360,17,83.88078,345.0485466508013
1049,360,42,427.4651,680.1691496948912
1050,360,30,224.25294,119.8321477681823
1051,360,62,277.56805,171.65145981238993
1052,360,11,155.6962,315.66784021219706
1053,360,48,7.338375,335.31553994720207
1054,360,63,361.41653,479.24676344808034
1055,360,81,395.804,441.7890306634933
1056,361,110,98.8211,69.64218487264007
1057,361,40,207.18965,610.3777262181574
1058,361,44,284.0298,179.46992175408207
1059,361,24,115.19861,654.9165657410833
1060,361,93,236.14203,316.476510281281
1061,364,13,426.50003,647.375111614913
1062,367,26,85.80615,211.23943566563887
1063,367,14,183.63681,607.9053797847156
1064,367,101,217.22888,101.23324460415884
1065,367,22,204.87015,202.71671995898566
1066,367,56,480.5092,630.8104257466803
1067,367,13,319.13025,654.7193153533398
1068,367,22,112.82841,522.1462517499962
1069,367,109,205.05081,426.6161740805807
1070,368,89,151.79523,147.92441021019397
1071,368,93,207.76,99.64236367617829
1072,368,19,323.8225,419.76230719648555
1073,368,116,213.17868,10.232021234955146
1074,369,21,417.78064,531.2818565795238
1075,369,109,84.54383,372.34390274182806
1076,370,98,646.76056,63.97054717906103
1077,371,70,34.372837,189.80891540523248
1078,371,96,483.53366,284.4943984242474
1079,371,94,70.16875,20.377433269640477
1080,371,116,259.60114,154.44491367196412
1081,372,114,63.53751,94.35575420105647
1082,373,26,43.87185,312.4405106852226
1083,373,31,67.68335,416.0513414556615
1084,374,52,314.84982,372.0438905285637
1085,374,18,522.26465,502.93366214263614
1086,374,117,189.41595,682.2947580268175
1087,374,3,394.7989,526.5025181042533
1088,375,39,15.968725,219.48749087609332
1089,375,67,207.05618,667.5361700776268
1090,375,96,493.01013,102.97767070876907
1091,375,88,436.89636,373.09307135489854
1092,376,48,3.7036028,559.4801446316518
1093,376,26,86.35052,100.09007833785955
1094,376,10,316.57144,316.96986909804735
1095,376,35,117.939316,457.8702367452194
1096,377,65,144.49907,339.9093407343281
1097,379,88,267.7539,112.9612303143246
1098,379,84,98.996185,470.43103591222257
1099,379,54,424.2243,348.44662629795397
1100,381,102,360.55432,473.3968433893576
1101,382,39,16.923157,186.6622533702107
1102,382,47,184.04242,15.337251109759809
1103,382,84,77.36996,408.14984427024245
1104,383,2,274.82388,441.4293824245323
1105,383,1,334.20355,56.52520270245165
1106,385,98,677.8418,464.54664002468826
1107,385,88,229.43741,548.5905199516736
1108,385,59,326.24185,530.540522441896
1109,385,62,226.68587,615.0225143965135
1110,385,74,53.237892,468.2186317557979
1111,385,110,139.02652,342.73344815278017
1112,385,88,385.10425,661.0768077960689
1113,385,45,101.99154,597.2471491893073
1114,385,67,197.31467,671.3178854290354
1115,385,10,410.63602,283.6588344120421
1116,386,87,60.12265,48.711655951418464
1117,386,106,50.24497,498.57025767595655
1118,386,33,11.434293,383.0660763856584
1119,386,111,473.39972,667.3433426361215
1120,387,30,351.1655,211.55245813048907
1121,387,35,129.25774,682.1024347280483
1122,387,59,165.87265,227.9176028914678
1123,387,82,574.0526,386.847222184016
1124,387,41,273.16223,205.07926965814582
1125,388,112,223.63283,534.5422963562092
1126,388,56,308.20242,506.9373374680428
1127,388,104,87.82767,324.1898689218701
1128,388,89,161.45097,265.4399235495184
1129,388,86,175.15869,88.85955817621615
1130,388,114,75.893326,522.5141990650415
1131,389,16,551.03827,229.65437237115393
1132,389,22,176.35597,183.02200313492833
1133,389,27,225.76689,160.30760838781876
1134,389,8,204.86946,456.99745138010184
1135,389,99,57.520996,267.23642554689775
1136,389,92,210.17136,417.4700753615992
1137,390,45,178.02818,237.88616395574036
1138,390,38,543.5603,630.6399438910744
1139,390,30,258.87357,211.8664032481099
1140,390,14,358.45023,520.360191584109
1141,391,51,236.68527,663.0977570376575
1142,391,118,431.5105,562.3496652771324
1143,391,107,446.30847,103.77263752030186
1144,392,42,514.77985,408.2356831358087
1145,392,84,58.27043,429.1901541811396
1146,392,18,438.0992,602.3739351566071
1147,393,53,313.7977,564.92869190335
1148,393,49,349.82455,32.53320087603395
1149,393,63,285.30344,313.6875453086041
1150,393,80,234.32338,303.4160019119496
1151,393,83,230.38467,227.95696590152835
1152,393,48,4.245465,175.95106459362242
1153,394,0,67.55021,688.2750463191268
1154,394,88,313.98917,573.183192084064
1155,394,102,265.87036,216.06413833117298
1156,395,7,148.54665,427.4933402693302
1157,395,79,265.69888,605.24917745907
1158,395,46,178.96799,374.04064981099515
1159,395,93,159.4013,645.246595680433
1160,395,12,334.49542,386.0707930809599
1161,395,8,292.2843,291.0375371896803
1162,395,103,98.2883,313.54459364801767
1163,395,15,34.55846,261.22699927334116
1164,395,85,11.545565,271.26232770103684
1165,395,56,453.69104,60.3111727765091
1166,396,100,96.429,485.5413775411981
1167,396,73,81.48014,194.3717103141205
1168,396,43,212.84412,156.4609627965303
1169,396,79,254.73415,74.68876681306669
1170,396,20,82.539055,510.20060352345695
1171,396,86,357.5835,622.7034766771009
1172,397,84,65.24521,148.0488178698114
1173,397,52,556.87787,210.0352936612979
1174,397,104,195.25858,33.22571099541594
1175,397,78,403.5997,501.00705976011017
1176,397,38,258.47647,502.04155997732005
1177,398,26,106.78454,516.6697643072953
1178,398,55,626.6311,81.28784004328038
1179,398,30,481.89804,611.545924843926
1180,399,32,228.85379,402.08610666352087
1181,399,115,156.08966,532.7769450131811
1182,399,108,98.28145,313.39348901342623
1183,399,30,321.51807,367.91600101170064
1184,399,56,352.04718,183.12304939647194
1185,399,44,276.16324,181.69789296067873
1186,399,81,500.47675,678.2898149669657
